company,date,event,location,url,venue
FutureCon,"January 15, 2020",Atlanta Cybersecurity Conference,"Atlanta, GA",https://futureconevents.com/events/atlanta-ga-2020, 
FutureCon,"January 29, 2020",Phoenix Cybersecurity Conference,"Phoenix, AZ",https://futureconevents.com/events/phoenix-az-2020, 
FutureCon,"February 12, 2020",Dallas Cybersecurity Conference,"Dallas, TX",https://futureconevents.com/events/dallas-tx-2020, 
FutureCon,"February 19, 2020",Los Angeles Cybersecurity Conference,"Los Angeles, CA",https://futureconevents.com/events/los-angeles-ca-2020, 
FutureCon,"March 11, 2020",Chicago Cybersecurity Conference,"Chicago, IL",https://futureconevents.com/events/chicago-il-2020, 
FutureCon,"March 25, 2020",St. Louis Cybersecurity Conference,"St. Louis, MO",https://futureconevents.com/events/st-louis-mo-2020, 
FutureCon,"April 1, 2020",Raleigh Cybersecurity Conference,"Raleigh, NC",https://futureconevents.com/events/raleigh-nc-2020, 
FutureCon,"April 15, 2020",Houston Cybersecurity Conference,"Houston, TX",https://futureconevents.com/events/houston-tx-2020, 
FutureCon,"April 29, 2020",New Jersey Cybersecurity Conference,New Jersey,https://futureconevents.com/events/nj-2020, 
FutureCon,"May 13, 2020",Kansas City Cybersecurity Conference,"Kansas City, MO",https://futureconevents.com/events/kansas-city-mo-2020, 
FutureCon,"May 20, 2020",Washington Cybersecurity Conference,"Washington, DC",https://futureconevents.com/events/washington-dc-2020, 
FutureCon,"June 10, 2020",San Diego Cybersecurity Conference,"San Diego, CA",https://futureconevents.com/events/san-diego-ca-2020, 
FutureCon,"June 25, 2020",Indianapolis Cybersecurity Conference,"Indianapolis, IN",https://futureconevents.com/events/indianapolis-in-2020, 
FutureCon,"July 8, 2020",Detroit Cybersecurity Conference,"Detroit, MI",https://futureconevents.com/events/detroit-mi-2020, 
FutureCon,"July 22, 2020",Denver Cybersecurity Conference,"Denver, CO",https://futureconevents.com/events/denver-co-2020, 
FutureCon,"July 29, 2020",Omaha Cybersecurity Conference,"Omaha, NE",https://futureconevents.com/events/omaha-ne-2020, 
FutureCon,"August 5, 2020",Seattle Cybersecurity Conference,"Seattle, WA",https://futureconevents.com/events/seattle-wa-2020, 
FutureCon,"August 19, 2020",Columbus Cybersecurity Conference,"Columbus, OH",https://futureconevents.com/events/columbus-oh-2020, 
FutureCon,"September 2, 2020",Des Moines Cybersecurity Conference,"Des Moines, IA",https://futureconevents.com/events/des-moines-ia-2020, 
FutureCon,"September 16, 2020",Toronto Cybersecurity Conference,"Toronto, ON",https://futureconevents.com/events/toronto-on-2020, 
FutureCon,"September 30, 2020",Minneapolis Cybersecurity Conference,"Minneapolis, MN",https://futureconevents.com/events/minneapolis-mn-2020, 
FutureCon,"October 14, 2020",Boston Cybersecurity Conference,"Boston, MA",https://futureconevents.com/events/boston-ma-2020, 
FutureCon,"October 28, 2020",Tampa Cybersecurity Conference,"Tampa, FL",https://futureconevents.com/events/tampa-fl-2020, 
FutureCon,"November 4, 2020",Orange County Cybersecurity Conference,"Orange County, CA",https://futureconevents.com/events/orange-county-ca-2020, 
FutureCon,"November 18, 2020",San Antonio Cybersecurity Conference,"San Antonio, TX",https://futureconevents.com/events/san-antonio-tx-2020, 
FutureCon,"December 3, 2020",Nashville Cybersecurity Conference,"Nashville, TN",https://futureconevents.com/events/nashville-tn-2020, 
FutureCon,"December 9, 2020",South Florida Cybersecurity Conference,"South Florida, FL",https://futureconevents.com/events/south-florida-2020, 
